Disney Villains,My Little Pony Characters,Spices,Property Management Systems,OTAs,Hades 2 Resources,Final Fantasy 9 Spells,Pies,Sewing Terms,Cities in New York,DC Neighborhoods,Painkillers,Vacuum Cleaner Brands,Crazy Ex Girlfriend Songs,Contrapoints Videos,Jenny Nicholson Videos,Pokemon,Pepsi Varieties,Lyrics to Paradise by the Dashboard Light,Cat Toys,WV Cabin Names,Canadian Bands,Languages Spoken in India,Hotel Ameneties,Categories
Ursula,Rainbow Dash,Nutmeg,Cloudbeds,Booking.com,Ashes,Fire,Apple,Appliqué,Lockport,Adams Morgan,Advil,Miele,West Covina,Conspiracy,The Spectacular Failure of the Star Wars Hotel,Pikachu,Pepsi,Parking by the lake,Rainbow Cat Charmer,Thanks Frank,Rush,Hindi,Soap,Disney Villains
Hans,Twilight Sparkle,Cumin,Mews,Expedia,Bones,Fira,Blueberry,Armscye,Hornell,LeDroit Park,Aleve,Sebo,I'm So Good at Yoga,Twilight,Evermore: The Theme Park That Wasn't,Squirtle,Caffeine-Free Pepsi,And now our bodies are oh so close and tight,Go Cat Da Bird,Paradise Point,The Tragically Hip,Bengali,Wi-fi,My Little Pony Characters
Scar,Applejack,Allspice,Opera,Agoda,Fate Fabric,Firaga,Cherry,Baste,Buffalo,Lanier Heights,Aspirin,Riccar,I Have Friends,J.K. Rowling,The Church Play Cinematic Universe,Charmander,Diet Pepsi,Glowing like the metal in the edge of a knife,Frisco Bird with Feathers Teaser,Our Greyt Escape,The Guess Who,Marathi,Shampoo,Spices
Gaston,Pinkie Pie,Coriander,Little Hotelier,Trip.com,Limestone,Blizzard,Peach,Bias,Syracuse,Burleith,Diclofenac,Kirby,Sex with a Stranger,Envy,A needlessly thorough roast of Dear Evan Hansen,Eevee,Caffeine-Free Diet Pepsi,We were doubly blessed,Peek-a-Prize Toy Box,Timberly,Arcade Fire,Telegu,Conditioner,Property Management Systems
Jafar,Rarity,Sumac,Stayntouch,Stayz,Marble,Blizzara,Strawberry Rhubarb,Casing,Albany,Shaw,Tylenol,Dyson,I'm a Good Person,Voting,Fur-Bearing Trout ASMR,Psyduck,Crystal Pepsi,We were barely seventeen ,Trixie 5-in-1 Activity Center,Dancing Bear,Barenaked Ladies,Tamil,Bath Robe,OTAs
Hades,Fluttershy,Paprika,RMS,Hostelworld,Moon Dust,Blizzaga,Banana Cream,Thimble,Rochester,Foggy Bottom,Celebrex,Shark,Sexy French Depression,Justice,THE Vampire Diaries Video,Goldeen,Pepsi Wild Cherry,"So open up your eyes I got a big surprise, It'll feel all right, Well I wanna make your motor run",Catit Super Roller Circuit,Wintercadence,Sum 41,Gujarati,Slippers,Hades 2 Resources
Maleficent,Spike,Smoked Paprika,WebRezPro,HotelTonight,Darkness,Thunder,Key Lime,Dart,Ithaca,Bellevue,Motrin,Samsung,His Status Is Preferred,Cringe,There's something wrong with Hallmark's youtube channel,Starmie,Pepsi Twist,Let Mother Nature do the rest,Sisal Rolling Ball,Almost Heaven,Blue Rodeo,Urdu,Turndown Service,Final Fantasy 9 Spells
Cruella de Vil,Princess Celestia,Celery Salt,Hotelogix,Hotels.com,Shadow,Thundara,Pumpkin,Embroidery,Jamestown,Barry Farm,Vicodin,LG,You Stupid Bitch,Shame,SPIDERQUEST: Quest for the Man-Sized Spider,Mewtwo,Pepsi Vanilla,We're gonna go all the way tonight,KONG Rave Cave,Spruce Lodge,Metric,Kannada,Mint on your pillow,Pies
Queen of Hearts,Princess Luna,Cinnamon,protel,Lastminute.com,Tears,Thundaga,Pecan,Eyelet,Poughkeepsie,Douglass,OxyContin,Hoover,Gettin' Bi,Canceling,The Last Bronycon: a fandom autopsy,Gastly,Pepsi Lime,Stop right there!,SnugglyCat Ripple Rug,Country Mile,The Rheostatics,Odia,Sewing kit,Sewing Terms
Captain Hook,Apple Bloom,Cloves,eviivo,Priceline,Silver,Water,Chicken Pot,Facing,Binghamton,Buena Vista,Percodan,Eureka,Heavy Boobs,Opulence,The Worst Reality Show of All Time,Dragonair,Pepsi Holiday Spice,Will you make me your wife?,Potorama Flapping Bird,Three Bears in the Valley,Sloan,Malayalam,Shoe horn,Cities in New York
Lady Tremaine,Sweetie Belle,Oregano,OnQ,Wego,Stardust,Watera,Lemon Meringue,Fusible interfacing,Schenectady,Randle Highlands,Dilaudid,Dirt Devil,So Maternal,Men,The Halloween Costumes Nobody Wanted,Lapras,Pepsi Summer Mix,"Baby, baby let me sleep on it",Bawan Silvervine Chew Sticks,Streamside Dreams,Chilliwack,Assamese,HBO,DC Neighborhoods
Shere Khan,Scootaloo,Thyme,PEP,Despegar,Nightmare,Waterga,Banoffee,Godet,Batavia,Kenilworth,Ultram,Black & Decker,Love Kernels,Transtrenders,Porg.mp4,Mr. Mime,Pepsi Cherry Vanilla,The feeling came upon me like a tidal wave,GoCat Da Bird,Timber Haus,Loverboy,Bodo,Airport Shuttle,Painkillers
Prince John,Princess Cadence,Sage,HotelKey,MakeMyTrip,Rubbish,Aero,Shepherd's,Gore,Corning,Swampoodle,Ryzolt,Bissell,Fit Hot Guys Have Problems Too,Beauty,"Well, I guess SOMEBODY had to read ""Trigger Warning""",Ditto,Pepsi X,I'm praying for the end of time,Petcube Play 2,Salty Peaks,Spirit of the West,Dogri,Executive Lounge,Vacuum Cleaner Brands
Madame Medusa,Discord,Anise,GuestCentrix,Travelstart,Kudos,Aerora,Chess,Gusset,Dunkirk,Near Northeast,Subutex,iRobot,Fuckton of Cats,Gender Critical,I hate The Greatest Showman more every moment,Jynx,Pepsi-Cola Made with Real Sugar,Cause if I gotta spend another minute with you,Omlet Freeestyle Indoor Cat Tree,Harvest Moon,Doug & the Slugs,Kashmiri,Hair Dryer,Crazy Ex Girlfriend Songs
Claude Frollo,Diamond Tiara,Cardamom,RoomMaster,Rakuten,Nectar,Aeroga,Buko,Hem,Elmira,Barney Circle,Opana,Levoit,Itchy Vagina Metaphor,The Darkness,Trapped In A Island With Josh Hutcherson,Vaporeon,Pepsi Fire,It was long ago and it was far away,The Purrgola,Viewtopia,The Spoons,Konkani,Luggage Rack,Contrapoints Videos
Waternoose,Silver Spoon,Garlic Powder,Preno,Goibibo,Feather,Quake,Shoofly,Lining,Lackawanna,Stronghold,Demerol,Sanitaire,Let's Generalize About Men,Are Traps Gay?,Solo Bad,Magmar,Pepsi Salted Caramel,I gotta know right now!,Mau Reiya,Countless Adventures,Honeymoon Suite,Maithili,Free Breakfast,Jenny Nicholson Videos
Yzma,The Great and Powerful Trixie,Cayenne Pepper,Canary,HostelsClub,Wool,Quakera,Guapple,Seam allowance,New Rochelle,Bloomingdale,Nucynta,Simplicity,We Should Definitely Not Have Sex Right Now,The Apocalypse,One Direction during The Purge,Ponyta,Pepsi Berry,I'll give you an answer in the morning,Knead Therapeutic Bed,Mountain Memories,Glass Tiger,Manipuri,Pool,Pokemon
Meteorite,Zecora,Turmeric,ResNexus,TripAdvisor,Psyche,Quaga,Huckleberry,Third hand,Plattsburgh,Edgewood,Codeine,Lindhaus,Santa Anna Winds,Pronouns,DUMBO SLAPS,Chansey,Pepsi Mango,I'll never break my promise,Kong Connects Window Boxing,Firefly Chalet,Platinum Blonde,Nepali,Wake up Calls,Pepsi Varieties
Ratigan,Starlight Glimmer,Onion Powder,innRoad,LateRooms,Fangs,Sleep,Mince,Overlay,Port Jervis,Trinidad,Duragesic,Shop-Vac,Group Hang,The Aesthetic,Frozen 2 Script Doctor,Horsea,Pepsi Peeps,I don't think that I can really survive,Yeowww! Banana Catnip Toy,Aurora Point,BTO,Punjabi,Room Service,Lyrics to Paradise by the Dashboard Light
The Evil Queen,Cozy Glow,Dired Mustard,Maximo,HRS,Serpent Scales,Sleepga,Woolton,Pad stitching,Tonawanda,Truxton Circle,Lortab,Roborock,JAP Battle,Incels,Oh no! The Rise of Skywalker was real bad :(,Geodude,Pepsi-Cola Soda Shop Cream Soda,It was so much better that it is today,Lick Mat,Mountain Shadows,The Skydiggers,Sanskrit,Ironing Board,Cat Toys
Headless Horseman,Aunt Holiday,Dill Weed,RoomRaccoon,Dorms.com,Cinder,Cure,Homity,Placket,Rye,Takoma,Duramorph,Eufy,Having a Few People Over,The West,The Grim Dystopia of A Christmas Prince,Primeape,Nitro Pepsi,We were barely dressed,Chom Chom Roller,Cairn Ridge,The Pursuit of Happiness,Santali,Mini Fridge,WV Cabin Names
Ratcliffe,King Sombra,Za'atar,Minihotel,Traveloka,Glassrock,Cura,Millionaire,Piping,Salamanca,Tenleytown,Actiq,Vacumaid,I Give Good Parent,Tiffany Tumbles,I did it. I found the Worst Book.,Rattata,Nitro Pepsi Vanilla,And all the kids at school,Valonii Motion Activated Laser,Raptor Ridge Retreat,Crash Test Dummies,Sindhi,Microwave,Canadian Bands
Alameda Slim,Cheese Sandwich,Garam Masala,IQware,Hostelbookers,Bronze,Curaga,Pastafrola,Pleat,Peekskill,Cathedral Heights,ConZip,Filter Queen,It Was a Shit Show,Jordan Peterson,Escpae from Tomorrow is a dumb exercise in misery,Ekans,Pepsi S'mores Graham Cracker,They were wishing they were me that night,Frisco Colorul Springs,Mountainside Vibes,The Wild Strawberries,Meitei,Coffee Maker,Languages Spoken in India
Mother Gothel,Quibble Pants,Black Pepper,Frontdesk Master,Hostelsclub,Plankton,Stonega,Pascǎ,Ruching,Oswego,Foxhall,Percocet,Tristar,Horny Angry Tango,The Hunger,The Applejack Problem,Farfetch'd,Pepsi Wild Cherries and Cream,You got it drowning out the radio,Penn-Play Play-Fulls,Round-to-it,Alexisonfire,Nihali,Business Center,Hotel Ameneties
Heffalumps,Lord Tirek,White Pepper,Chorum,eDreams,Olive Branch,Holy,Soparnik,Sloper,Oneonta,American University Park,Ketorolac,Electrolux,Don't Be a Lawyer,The Witch Trials of J.K. Rowling,Let's do real magic,Diglett,Pepsi Peach,No you're never gonna regret it,Trixie Mad Scientist Turn Around,Alpha Vista,Teenage Head,Dameli,Fitness Center,Categories